<?xml version='1.0' encoding='UTF-8' ?>
<timeLogEntries>
  <time id="1" path="/Libreria Nacional/PSP0/Code" start="@1613150358970" delta="6" />
  <time id="2" path="/libreria/PSP0/Planning" start="@1614218935941" delta="34" />
  <time id="3" path="/libreria/PSP0/Planning" start="@1614221803415" delta="4" interrupt="1" />
  <time id="4" path="/libreria/PSP0/Planning" start="@1614356715387" delta="55" interrupt="3" />
  <time id="5" path="/libreria/PSP0/Planning" start="@1614380749877" delta="51" />
  <time id="6" path="/libreria/PSP0/Design" start="@1615520176791" delta="119" comment="Arreglando drive del método de la ingeniería" />
  <time id="7" path="/libreria/PSP0/Planning" start="@1615690098229" delta="135" />
  <time id="9" path="/libreria/PSP0/Design" start="@1615990959921" delta="175" comment="Completando drive del método de la ingeniería" />
  <time id="11" path="/libreria/PSP0/Code" start="@1616001462945" delta="26" />
  <time id="8" path="/libreria/PSP0/Design" start="@1615991011105" comment="nothing" />
  <time id="10" path="/libreria/PSP0/Code" start="@1616001477415" comment="coding" />
  <time id="12" path="/libreria/PSP0/Code" start="@1616095481719" delta="96" comment="reading code" />
  <time id="13" path="/libreria/PSP0/Code" start="@1616114249971" delta="173" comment="hassh tables" />
  <time id="14" path="/libreria/PSP0/Code" start="@1616169945621" delta="145" comment="coding" />
  <time id="15" path="/libreria/PSP0/Code" start="@1616204466949" delta="187" comment="coding" />
  <time id="16" path="/libreria/PSP0/Code" start="@1616263950026" delta="156" comment="coding" />
  <time id="17" path="/libreria/PSP0/Design" start="@1616289875921" delta="167" comment="Analisis temporal y espacial" />
  <time id="18" path="/libreria/PSP0/Code" start="@1616442541782" delta="499" comment="final section" />
  <time id="19" path="/Basket/PSP0/Planning" start="@1616802694905" delta="91" comment="acabé de plantear requerimientos funcionales" />
  <time id="20" path="/Basket/PSP0/Planning" start="@1617986019596" delta="417" comment="acabé la fase dos" />
  <time id="21" path="/Basket/PSP0/Planning" start="@1618443940541" delta="29" comment="acabé ampliación fase dos" />
  <time id="22" path="/Basket/PSP0/Planning" start="@1618528947630" delta="52" comment="acabamos fase 3 del me´todo de la ingeniería" />
  <time id="23" path="/Basket/PSP0/Planning" start="@1618589630957" delta="107" comment="ampliamos busqueda de memoria secundaria" />
  <time id="24" path="/Basket/PSP0/Planning" start="@1618881975586" delta="300" comment="acabamos método de la ingeniería" />
  <time id="25" path="/Basket/PSP0/Planning" start="@1619022715326" delta="328" comment="Aprender a usar OpenCSV" />
  <time id="26" path="/Basket/PSP0/Planning" start="@1619054119451" delta="127" comment="OpenCSV impreso" />
  <time id="27" path="/Basket/PSP0/Code" start="@1619061722357" delta="38" comment="Acabamos de implementar Lectura de archivo" />
  <time id="28" path="/Basket/PSP0/Code" start="@1619215694760" delta="612" comment="acabamos implementando parcialmente arboles rojo y negro" />
  <time id="29" path="/Basket/PSP0/Code" start="@1619316070619" delta="213" comment="Acabamos Metodos de ordenamiento" />
  <time id="30" path="/Basket/PSP0/Code" start="@1619492869306" delta="148" comment="Acabamos Metodos de ordenamiento" />
  <time id="31" path="/Basket/PSP0/Code" start="@1619653670363" delta="5" comment="Acabamos Metodos de ordenamiento" />
  <time id="32" path="/Basket/PSP0/Code" start="@1619663864262" delta="1" />
</timeLogEntries>
