<?xml version='1.0' encoding='UTF-8' ?>
<timeLogEntries>
  <time id="1" path="/Proyecto/TI1/PSP0/Planning" start="@1614358234704" delta="37" />
  <time id="2" path="/Proyecto/TI1/PSP0/Planning" start="@1615842879731" delta="10" />
  <time id="3" path="/Proyecto/TI1/PSP0/Planning" start="@1615848174254" delta="53" />
  <time id="4" path="/Proyecto/TI1/PSP0/Planning" start="@1615940162887" delta="5" />
  <time id="5" path="/Proyecto/TI1/PSP0/Planning" start="@1615943363550" delta="20" />
  <time id="6" path="/Proyecto/TI1/PSP0/Planning" start="@1615948046699" delta="11" />
  <time id="7" path="/Proyecto/TI1/PSP0/Design" start="@1616272742464" delta="83" />
  <time id="8" path="/Proyecto/TI1/PSP0/Planning" start="@1616277703188" delta="2802" interrupt="315" />
  <time id="9" path="/Proyecto/TI1/PSP0/Test" start="@1616464784840" delta="572" />
  <time id="10" path="/Proyecto/TI1/PSP0/Test" start="@1616528150528" delta="140" />
  <time id="11" path="/Proyecto/TI1/PSP0/Postmortem" start="@1616536529570" delta="1" interrupt="4" />
  <time id="12" path="/TI2/PSP0/Planning" start="@1618590373576" delta="475" comment="Se esta realizando el metodo de ingenieria" />
  <time id="13" path="/TI2/PSP0/Planning" start="@1618618914053" comment="Se estaba realizando el archivo csv" />
  <time id="14" path="/TI2/PSP0/Planning" start="@1619056187177" delta="92" comment="Se estaba realizando el archivo csv" />
  <time id="16" path="/TI2/PSP0/Design" start="@1619061740000" comment="Se crearon 2 ventanas de la interfaz grafica" />
  <time id="17" path="/TI2/PSP0/Design" start="@1619061734966" delta="174" comment="Se crearon 2 ventanas de la interfaz grafica" />
  <time id="18" path="/TI2/PSP0/Code" start="@1619221983682" delta="8" comment="Se hicieron las funciones de los botones buscar" />
  <time id="19" path="/TI2/PSP0/Design" start="@1619222460112" delta="139" comment="Se CREARON las ventanas de los filtros" />
  <time id="20" path="/TI2/PSP0/Code" start="@1619238833230" delta="211" comment="Se hicieron los controles de la interfaz" />
  <time id="21" path="/TI2/PSP0/Code" start="@1619328079076" delta="141" comment="Se hicieron los metodos de busqueda" />
  <time id="22" path="/TI2/PSP0/Code" start="@1619336555828" />
</timeLogEntries>
