<?xml version='1.0' encoding='UTF-8' ?>
<timeLogEntries>
  <time id="23" path="/TI2/PSP0/Code" start="@1619749683411" delta="86" comment="se revisaron los arboles" flag="A" />
  <time id="22" comment="se actualizo el fxml" flag="M" />
  <time id="24" path="/TI2/PSP0/Test" start="@1619754828605" flag="A" />
  <time id="25" path="/TI2/PSP0/Planning" start="@1619754861003" delta="1" flag="A" />
  <time id="26" path="/TI2/PSP0/Design" start="@1619754866027" delta="1" flag="A" />
  <time id="27" path="/TI2/PSP0/Code" start="@1619754867634" delta="1" flag="A" />
  <time id="28" path="/TI2/PSP0/Test" start="@1619754869582" delta="1" flag="A" />
  <time id="29" path="/TI2/PSP0/Postmortem" start="@1619754870228" flag="A" />
</timeLogEntries>
