<?xml version='1.0' encoding='UTF-8' ?>
<timeLogEntries>
  <time id="1" path="/bookstore/PSP0/Planning" start="@1615499280813" delta="162" />
  <time id="2" path="/bookstore/PSP0/Design" start="@1615509018852" delta="64" />
  <time id="3" path="/bookstore/PSP0/Design" start="@1615512886977" delta="49" />
  <time id="4" path="/bookstore/PSP0/Design" start="@1615579570018" delta="20" />
  <time id="5" path="/bookstore/PSP0/Code" start="@1615692552538" delta="52" />
  <time id="6" path="/bookstore/PSP0/Code" start="@1615697455953" delta="13" />
  <time id="7" path="/bookstore/PSP0/Code" start="@1615780282620" delta="126" />
  <time id="8" path="/bookstore/PSP0/Code" start="@1616101273591" delta="114" />
  <time id="9" path="/bookstore/PSP0/Code" start="@1616111015357" delta="27" />
  <time id="10" path="/bookstore/PSP0/Code" start="@1616204449101" delta="191" />
  <time id="11" path="/bookstore/PSP0/Code" start="@1616262365228" delta="278" interrupt="40" />
  <time id="12" path="/bookstore/PSP0/Code" start="@1616443421029" delta="486" />
  <time id="13" path="/bookstore/PSP0/Code" start="@1616529802714" delta="54" />
  <time id="14" path="/basketball/PSP0/Planning" start="@1618881448495" delta="165" />
  <time id="15" path="/basketball/PSP0/Design" start="@1619142538481" delta="41" />
  <time id="16" path="/basketball/PSP0/Design" start="@1619221944558" delta="22" />
  <time id="17" path="/basketball/PSP0/Design" start="@1619223292307" delta="35" />
  <time id="18" path="/basketball/PSP0/Code" start="@1619225365949" delta="79" />
  <time id="19" path="/basketball/PSP0/Code" start="@1619240487339" delta="52" />
  <time id="20" path="/basketball/PSP0/Code" start="@1619244527056" delta="86" />
  <time id="21" path="/basketball/PSP0/Code" start="@1619315989578" delta="350" />
  <time id="22" path="/basketball/PSP0/Code" start="@1619499610582" delta="112" />
  <time id="23" path="/basketball/PSP0/Code" start="@1619717317322" delta="25" />
  <time id="24" path="/basketball/PSP0/Code" start="@1619728380535" delta="109" />
</timeLogEntries>
